epoch,seconds,train_step_rel_l2,train_full_rel_l2,test_step_rel_l2,test_full_rel_l2,train_pred_mse,train_recon_mse,test_pred_mse,test_recon_mse,lr
0,34.857567,4.12066113e-01,3.06159183e-01,2.23646854e-01,2.41071824e-01,1.21960883e+00,3.15050395e-01,8.68479052e-01,1.23556265e-01,5.00000000e-04
1,34.479697,2.25146259e-01,1.72783762e-01,2.67287791e-01,2.88290099e-01,8.52168665e-01,1.03735355e-01,6.52826825e-01,6.67490941e-02,5.00000000e-04
2,34.179026,1.90420146e-01,1.45471073e-01,1.75875208e-01,1.84223500e-01,6.09362390e-01,6.66908596e-02,4.35923668e-01,4.78201178e-02,5.00000000e-04
3,34.281480,1.87447292e-01,1.42451619e-01,1.85216933e-01,1.99021536e-01,4.57321472e-01,5.10799469e-02,4.54968721e-01,3.92764262e-02,5.00000000e-04
4,34.144766,2.10879263e-01,1.60039509e-01,2.52630433e-01,2.65269127e-01,4.18658827e-01,4.31365509e-02,3.83212844e-01,3.40799782e-02,5.00000000e-04
5,34.449157,1.85568344e-01,1.40153290e-01,1.68579738e-01,1.74770734e-01,3.57383360e-01,3.74589986e-02,3.39514488e-01,3.00208001e-02,5.00000000e-04
6,34.470117,1.84046610e-01,1.38983335e-01,1.91685489e-01,2.00221186e-01,3.34394198e-01,3.35870608e-02,3.10951984e-01,2.72266181e-02,5.00000000e-04
7,34.527968,1.73740402e-01,1.31338069e-01,1.55872452e-01,1.61873967e-01,3.22717303e-01,3.12767733e-02,2.82080205e-01,2.52775019e-02,5.00000000e-04
8,34.324636,1.45074514e-01,1.09772019e-01,1.39996205e-01,1.47691439e-01,2.90499754e-01,2.89987400e-02,2.43212954e-01,2.39362355e-02,5.00000000e-04
9,34.247256,1.61370787e-01,1.21934022e-01,2.04446677e-01,2.14975803e-01,2.77426765e-01,2.78701983e-02,2.37471962e-01,2.26137130e-02,5.00000000e-04
10,33.876239,1.60242000e-01,1.21263859e-01,1.12455446e-01,1.18506470e-01,2.81292090e-01,2.68636151e-02,2.47996865e-01,2.22679617e-02,5.00000000e-04
11,34.347579,1.53892216e-01,1.16786148e-01,2.43803933e-01,2.54327332e-01,2.70132384e-01,2.62593188e-02,2.59648298e-01,2.14792649e-02,5.00000000e-04
12,34.481270,1.63554382e-01,1.24213178e-01,1.09764107e-01,1.14953040e-01,2.63779079e-01,2.58107133e-02,2.37268525e-01,2.10226423e-02,5.00000000e-04
13,34.310781,1.42212674e-01,1.07743479e-01,1.07759522e-01,1.14183147e-01,2.45792087e-01,2.43440176e-02,2.20590752e-01,1.98877779e-02,5.00000000e-04
14,34.439272,1.47406429e-01,1.11670586e-01,1.17728973e-01,1.23034707e-01,2.45371795e-01,2.37707291e-02,2.31371275e-01,1.92041335e-02,5.00000000e-04
15,34.873417,1.38740717e-01,1.05463976e-01,1.17256922e-01,1.26029559e-01,2.28208942e-01,2.34739213e-02,2.11452717e-01,1.88559673e-02,5.00000000e-04
16,34.058324,1.51165445e-01,1.14908423e-01,1.04541948e-01,1.09684588e-01,2.34956490e-01,2.37801738e-02,2.10406180e-01,1.90428394e-02,5.00000000e-04
17,34.700492,1.45782347e-01,1.11025633e-01,1.63038570e-01,1.72321491e-01,2.22680695e-01,2.28207425e-02,2.25651345e-01,1.90699914e-02,5.00000000e-04
18,35.152661,1.28785966e-01,9.79511855e-02,1.06308468e-01,1.12580832e-01,2.05278550e-01,2.27046612e-02,1.96205994e-01,1.80598845e-02,5.00000000e-04
19,34.732800,1.47240600e-01,1.12410033e-01,1.64376977e-01,1.75820463e-01,2.11365686e-01,2.18632844e-02,2.16978906e-01,1.89680103e-02,5.00000000e-04
20,34.766221,1.31387424e-01,1.00376071e-01,1.70413112e-01,1.79346391e-01,2.05621986e-01,2.21426962e-02,2.01228576e-01,1.80018326e-02,5.00000000e-04
21,34.151946,1.33897069e-01,1.02212280e-01,1.55111568e-01,1.70074821e-01,2.01036938e-01,2.24409808e-02,2.10500539e-01,1.86877265e-02,5.00000000e-04
22,34.196704,1.35672479e-01,1.04326226e-01,1.10303746e-01,1.16499167e-01,1.96020816e-01,2.21322489e-02,1.76431486e-01,1.86847740e-02,5.00000000e-04
23,33.972717,1.27181599e-01,9.74833115e-02,7.38494327e-02,7.85347791e-02,2.01990261e-01,2.19446756e-02,1.60129087e-01,1.83281559e-02,5.00000000e-04
24,33.914788,1.33753251e-01,1.02532597e-01,2.05455209e-01,2.18871801e-01,2.02753908e-01,2.20311781e-02,1.96027267e-01,1.79583429e-02,5.00000000e-04
25,34.394369,1.41882123e-01,1.08348603e-01,1.82957428e-01,1.99948881e-01,1.92274681e-01,2.12540635e-02,1.71810232e-01,1.76294204e-02,5.00000000e-04
26,34.529202,1.17878030e-01,9.05726503e-02,8.94401464e-02,9.62345256e-02,1.92805279e-01,2.16327379e-02,1.91130423e-01,1.84571122e-02,5.00000000e-04
27,33.997183,1.30687878e-01,1.00900397e-01,7.21564117e-02,7.69286307e-02,1.88092740e-01,2.18790471e-02,1.44241126e-01,1.75338397e-02,5.00000000e-04
28,33.857602,1.12017908e-01,8.55509544e-02,2.02923751e-01,2.12918134e-01,1.79852197e-01,2.12549099e-02,2.00723093e-01,1.71322296e-02,5.00000000e-04
29,33.774832,1.08963364e-01,8.34240734e-02,8.27725416e-02,8.75526752e-02,1.87132396e-01,2.13752978e-02,1.64945937e-01,1.76614384e-02,5.00000000e-04
30,34.255281,1.22037315e-01,9.35134290e-02,1.05421715e-01,1.15766815e-01,1.82622391e-01,2.14133535e-02,1.45078795e-01,1.78500449e-02,5.00000000e-04
31,34.451935,1.13837326e-01,8.71275021e-02,1.28677206e-01,1.35343480e-01,1.71684643e-01,2.07788236e-02,1.50978339e-01,1.71920973e-02,5.00000000e-04
32,34.539520,1.17450980e-01,9.04647045e-02,1.24509981e-01,1.32697293e-01,1.73054257e-01,2.04967165e-02,1.49842557e-01,1.63193775e-02,5.00000000e-04
33,34.540623,1.18968202e-01,9.17041586e-02,9.74206790e-02,1.02616574e-01,1.72086671e-01,2.03477418e-02,1.56347951e-01,1.70416322e-02,5.00000000e-04
34,34.485206,1.16349373e-01,8.94152643e-02,1.72906942e-01,1.87307667e-01,1.71992276e-01,2.07314914e-02,1.55578774e-01,1.70119951e-02,5.00000000e-04
35,34.525730,1.02628032e-01,7.87297454e-02,1.36684088e-01,1.43836675e-01,1.65292019e-01,2.02607322e-02,1.78840978e-01,1.70566369e-02,5.00000000e-04
36,34.478810,1.05941281e-01,8.12190179e-02,1.01834751e-01,1.07405697e-01,1.63545605e-01,2.03953407e-02,1.35231678e-01,1.64120369e-02,5.00000000e-04
37,34.366866,1.06694970e-01,8.18623683e-02,8.68205529e-02,9.14018654e-02,1.60097757e-01,2.00622533e-02,2.11729529e-01,1.67024203e-02,5.00000000e-04
38,34.563603,1.17750474e-01,9.04581428e-02,1.18305658e-01,1.25852163e-01,1.71834951e-01,2.02374557e-02,1.49310950e-01,1.71496714e-02,5.00000000e-04
39,34.486524,1.08720885e-01,8.36100403e-02,1.12624053e-01,1.20017193e-01,1.70006046e-01,2.07815315e-02,1.51176994e-01,1.66509300e-02,5.00000000e-04
40,34.598826,1.13556320e-01,8.75141879e-02,9.32272531e-02,1.01750749e-01,1.61344419e-01,2.00064308e-02,1.92757306e-01,1.69572188e-02,5.00000000e-04
41,34.947077,1.14326622e-01,8.75070854e-02,2.19769953e-01,2.35637516e-01,1.73888269e-01,2.07114112e-02,1.70568545e-01,1.70762660e-02,5.00000000e-04
42,34.479972,1.12555941e-01,8.64302237e-02,1.10553254e-01,1.18210873e-01,1.61770692e-01,2.01717347e-02,1.60772512e-01,1.61530086e-02,5.00000000e-04
43,34.817306,1.08052581e-01,8.27992362e-02,7.57274796e-02,8.00297959e-02,1.63150909e-01,2.01192578e-02,1.55515008e-01,1.59298053e-02,5.00000000e-04
44,34.462198,1.17462601e-01,8.98230400e-02,7.84184691e-02,8.23446453e-02,1.68505260e-01,2.02848082e-02,1.70319146e-01,1.69266209e-02,5.00000000e-04
45,33.995884,1.12233311e-01,8.63242484e-02,6.19856934e-02,6.58049371e-02,1.56193363e-01,2.02426537e-02,1.34500506e-01,1.58608398e-02,5.00000000e-04
46,34.207172,1.20729911e-01,9.31400542e-02,2.24650028e-01,2.47661869e-01,1.63688281e-01,1.98801352e-02,1.78654829e-01,1.70541003e-02,5.00000000e-04
47,33.785950,1.00437776e-01,7.73631254e-02,6.29011655e-02,6.67882035e-02,1.50735806e-01,1.97317086e-02,1.27438156e-01,1.63477201e-02,5.00000000e-04
48,33.971335,1.07596133e-01,8.26059484e-02,7.71774659e-02,8.17517286e-02,1.59277621e-01,2.00493018e-02,1.51346300e-01,1.59343245e-02,5.00000000e-04
49,33.735865,1.13322325e-01,8.71941285e-02,9.14273562e-02,9.85856818e-02,1.59262855e-01,1.97721539e-02,1.69299176e-01,1.60021436e-02,5.00000000e-04
50,33.924863,9.16530308e-02,7.02393962e-02,7.39002017e-02,7.91614737e-02,1.56066679e-01,1.96516453e-02,1.98924247e-01,1.58877214e-02,5.00000000e-04
51,34.596797,9.78330734e-02,7.45328174e-02,1.69685591e-01,1.78758061e-01,1.53162591e-01,1.93836743e-02,1.64313517e-01,1.55469429e-02,5.00000000e-04
52,34.701933,9.61476003e-02,7.40057161e-02,1.47301408e-01,1.58520332e-01,1.50202826e-01,1.94251346e-02,1.66175864e-01,1.59046122e-02,5.00000000e-04
53,34.425519,1.00987648e-01,7.75808271e-02,8.31683971e-02,8.79107018e-02,1.49930700e-01,1.97416266e-02,1.39291457e-01,1.61823929e-02,5.00000000e-04
54,34.421423,1.13137078e-01,8.73965731e-02,9.55332251e-02,1.01878229e-01,1.59653218e-01,2.00552290e-02,1.44818177e-01,1.63886509e-02,5.00000000e-04
55,34.451495,1.06406221e-01,8.15815363e-02,1.08208367e-01,1.18201935e-01,1.47403174e-01,1.93969019e-02,1.61443201e-01,1.58232671e-02,5.00000000e-04
56,34.354412,1.03127740e-01,7.90863622e-02,7.07208993e-02,7.56015857e-02,1.49751932e-01,1.91921219e-02,1.19025769e-01,1.59055644e-02,5.00000000e-04
57,34.476172,1.10953297e-01,8.49335408e-02,7.06701215e-02,7.60328941e-02,1.47149367e-01,1.97400469e-02,1.37553708e-01,1.58888971e-02,5.00000000e-04
58,34.523332,9.86005002e-02,7.57171416e-02,7.96733992e-02,8.45809515e-02,1.55880802e-01,1.99281779e-02,1.40648514e-01,1.65640673e-02,5.00000000e-04
59,34.379188,9.68146067e-02,7.45205591e-02,6.97951957e-02,7.46371262e-02,1.46921803e-01,1.94709498e-02,1.42464969e-01,1.61977632e-02,5.00000000e-04
60,34.584337,1.04773331e-01,8.02722285e-02,1.40867322e-01,1.49201440e-01,1.49277913e-01,1.95063123e-02,1.47369096e-01,1.56527517e-02,5.00000000e-04
61,35.101945,9.68974736e-02,7.43160839e-02,1.51322356e-01,1.63058922e-01,1.46043588e-01,1.89757744e-02,1.35546459e-01,1.57036979e-02,5.00000000e-04
62,34.608514,9.91196365e-02,7.59504857e-02,1.17791229e-01,1.23680558e-01,1.43049435e-01,1.87970789e-02,1.21774878e-01,1.56207179e-02,5.00000000e-04
63,34.682296,9.97028315e-02,7.64563770e-02,7.00334023e-02,7.37772938e-02,1.37986938e-01,1.88744918e-02,1.37767620e-01,1.51107163e-02,5.00000000e-04
64,34.534121,8.99984389e-02,6.88988079e-02,7.69028787e-02,8.08565439e-02,1.47441656e-01,1.88980460e-02,1.79270629e-01,1.52577160e-02,5.00000000e-04
65,34.346344,1.03128828e-01,7.85486319e-02,7.60988175e-02,8.11831038e-02,1.46651110e-01,1.91777915e-02,1.51137259e-01,1.54176612e-02,5.00000000e-04
66,34.155430,8.93278808e-02,6.81183830e-02,8.99050798e-02,9.46281232e-02,1.46568476e-01,1.88576142e-02,1.55385790e-01,1.54425274e-02,5.00000000e-04
67,34.566434,9.06525373e-02,6.95836025e-02,9.24718863e-02,9.76145436e-02,1.40673736e-01,1.91124516e-02,1.34632212e-01,1.51363142e-02,5.00000000e-04
68,34.702948,9.65770643e-02,7.35899575e-02,7.44630633e-02,7.87473322e-02,1.32123190e-01,1.84981087e-02,1.12112061e-01,1.54988136e-02,5.00000000e-04
69,34.572579,9.35915865e-02,7.16443871e-02,8.03923242e-02,8.62736686e-02,1.35131938e-01,1.87304250e-02,1.50621618e-01,1.54708453e-02,5.00000000e-04
70,34.550312,1.07205929e-01,8.23765388e-02,6.16245116e-02,6.51027602e-02,1.40781561e-01,1.91135828e-02,1.22169345e-01,1.54411200e-02,5.00000000e-04
71,34.738323,9.77079003e-02,7.50407882e-02,8.27213248e-02,8.83551516e-02,1.42234367e-01,1.92905985e-02,1.31749526e-01,1.49119240e-02,5.00000000e-04
72,34.613265,1.02499139e-01,7.86020428e-02,7.84261870e-02,8.27139974e-02,1.47668620e-01,1.93292297e-02,1.16316721e-01,1.47719788e-02,5.00000000e-04
73,34.578419,8.72593994e-02,6.64626849e-02,5.98304888e-02,6.35970064e-02,1.28610201e-01,1.84227478e-02,1.05132572e-01,1.47954672e-02,5.00000000e-04
74,34.313657,9.20832442e-02,7.04945087e-02,9.24542998e-02,9.86904339e-02,1.35746878e-01,1.82264510e-02,2.15332522e-01,1.60963377e-02,5.00000000e-04
75,34.314358,9.40022520e-02,7.18373184e-02,9.20317808e-02,9.70404312e-02,1.38110883e-01,1.88749604e-02,1.25279595e-01,1.52020333e-02,5.00000000e-04
76,34.367528,1.06801559e-01,8.17988957e-02,6.34989401e-02,6.77095862e-02,1.44998816e-01,1.90368411e-02,1.22640408e-01,1.52723696e-02,5.00000000e-04
77,34.084858,9.14014412e-02,7.03415083e-02,1.02207776e-01,1.07739432e-01,1.34057355e-01,1.85056286e-02,1.38642938e-01,1.50012216e-02,5.00000000e-04
78,34.069917,1.07141417e-01,8.21921882e-02,1.38204140e-01,1.47367659e-01,1.42639513e-01,1.85505846e-02,1.25936352e-01,1.51386507e-02,5.00000000e-04
79,34.519153,9.08422109e-02,6.95825638e-02,6.38289644e-02,6.73707813e-02,1.38346117e-01,1.88270737e-02,1.35503810e-01,1.52193292e-02,5.00000000e-04
80,34.469103,9.17648187e-02,7.08943629e-02,6.95460698e-02,7.32795160e-02,1.35514939e-01,1.87356331e-02,1.17601992e-01,1.46171575e-02,5.00000000e-04
81,34.322955,8.84742383e-02,6.78037818e-02,7.27104204e-02,7.70922665e-02,1.28799751e-01,1.84088014e-02,1.07067500e-01,1.55893352e-02,5.00000000e-04
82,34.372493,8.79445474e-02,6.73333029e-02,1.49778407e-01,1.57706307e-01,1.28655804e-01,1.82709997e-02,1.27073053e-01,1.46717693e-02,5.00000000e-04
83,34.321924,9.74284267e-02,7.45559680e-02,1.80992446e-01,1.92319497e-01,1.35419552e-01,1.86683684e-02,1.13225849e-01,1.53382032e-02,5.00000000e-04
84,34.253973,1.01685832e-01,7.75458404e-02,1.07814450e-01,1.15752532e-01,1.32487414e-01,1.87274367e-02,1.38749795e-01,1.49048373e-02,5.00000000e-04
85,34.102303,8.81075968e-02,6.73289888e-02,6.19315878e-02,6.47170405e-02,1.36227859e-01,1.81706282e-02,1.23929952e-01,1.53575397e-02,5.00000000e-04
86,34.077091,9.67176006e-02,7.40522487e-02,6.54541165e-02,7.04965750e-02,1.31814587e-01,1.85402870e-02,1.20931135e-01,1.55114560e-02,5.00000000e-04
87,34.312275,9.62701760e-02,7.38040938e-02,1.03256871e-01,1.08221100e-01,1.32441998e-01,1.86667137e-02,1.28442870e-01,1.51699238e-02,5.00000000e-04
88,34.413191,9.35320279e-02,7.15598603e-02,8.01207702e-02,8.45290235e-02,1.37591501e-01,1.85930506e-02,1.36064267e-01,1.56742786e-02,5.00000000e-04
89,34.381380,9.46084142e-02,7.21833685e-02,1.05145952e-01,1.11972881e-01,1.36027880e-01,1.92891819e-02,1.18498950e-01,1.54679783e-02,5.00000000e-04
90,34.651840,9.50701581e-02,7.23681211e-02,1.09106026e-01,1.20387286e-01,1.32222189e-01,1.86951162e-02,1.69255164e-01,1.46088687e-02,5.00000000e-04
91,34.976700,9.33263175e-02,7.15060238e-02,7.40416913e-02,7.87930515e-02,1.37501739e-01,1.86253484e-02,1.41503910e-01,1.54486893e-02,5.00000000e-04
92,34.498368,8.81522180e-02,6.74795570e-02,5.96161814e-02,6.29458987e-02,1.30832697e-01,1.86398454e-02,1.29583305e-01,1.44119417e-02,5.00000000e-04
93,34.070470,1.00158135e-01,7.65550197e-02,8.54690874e-02,9.11896586e-02,1.31829180e-01,1.83994535e-02,1.22576218e-01,1.53589487e-02,5.00000000e-04
94,34.039188,9.27536597e-02,7.13634217e-02,6.73029409e-02,7.13208095e-02,1.38607099e-01,1.89884554e-02,1.24860792e-01,1.60770758e-02,5.00000000e-04
95,34.434693,8.94061822e-02,6.80784914e-02,7.77428178e-02,8.29881223e-02,1.26951718e-01,1.81923407e-02,1.35116367e-01,1.46187381e-02,5.00000000e-04
96,34.778655,8.83906537e-02,6.78365606e-02,6.55836317e-02,7.03199545e-02,1.25634991e-01,1.82083756e-02,1.34895993e-01,1.44068853e-02,5.00000000e-04
97,34.465115,9.81753052e-02,7.46771326e-02,6.40470933e-02,6.78874385e-02,1.34439120e-01,1.80967315e-02,1.35114633e-01,1.51111025e-02,5.00000000e-04
98,34.932930,8.74633237e-02,6.66646811e-02,6.73350592e-02,7.11545936e-02,1.30797830e-01,1.85990776e-02,1.18732016e-01,1.44528898e-02,5.00000000e-04
99,34.305623,8.97654264e-02,6.86555412e-02,8.37293014e-02,9.01088437e-02,1.34854735e-01,1.84487190e-02,1.37146880e-01,1.49551636e-02,2.50000000e-04
